{
  "mae": 8870.2265625,
  "rmse": 13248.43960623288,
  "mape": 35.741600036621094,
  "dataset": "UCI E-Commerce Data",
  "lookback": 30,
  "timestamp": "2026-03-19T09:51:47.790039"
}